feature,importance
inventory_to_demand_ratio,0.817227140753509
days_of_inventory,0.06826828722915151
opening,0.04671400641031412
reorder_lvl,0.030534669272563597
rolling_std_7,0.02532768992788079
rolling_mean_14,0.011928206406581012
store_id_S03,0.0
store_id_S04,0.0
product_id_P205,0.0
product_id_P330,0.0
product_id_P442,0.0
day_of_week,0.0
store_type_Hypermarket,0.0
store_type_Supermarket,0.0
category_Dairy,0.0
category_Personal Care,0.0
category_Snacks,0.0
brand_Crispo,0.0
brand_FizzUp,0.0
store_id_S02,0.0
lead_time,0.0
received,0.0
weekend_flag,0.0
shelf_life,0.0
promotion_flag,0.0
price_change,0.0
discount_pct,0.0
rolling_mean_7,0.0
lag_14,0.0
lag_7,0.0
lag_1,0.0
festival_flag,0.0
week_no,0.0
month,0.0
brand_GlowCare,0.0
