date,city,temp_c,rain_mm,holiday,festival,weekend,local_event
2026-08-01,Coimbatore,29.7,2.3,0,0,1,0
2026-08-01,Chennai,31.3,4.6,0,0,1,0
2026-08-01,Madurai,36.4,6.8,0,0,1,1
2026-08-01,Salem,29.1,0.4,0,0,1,0
2026-08-02,Coimbatore,28.1,0.0,0,0,1,0
2026-08-02,Chennai,31.0,0.0,0,0,1,0
2026-08-02,Madurai,35.0,0.0,0,0,1,0
2026-08-02,Salem,28.7,0.0,0,0,1,0
2026-08-03,Coimbatore,28.8,7.9,0,0,0,0
2026-08-03,Chennai,31.7,0.0,0,0,0,0
2026-08-03,Madurai,,0.0,0,0,0,1
2026-08-03,Salem,30.5,12.4,0,0,0,0
2026-08-04,Coimbatore,29.8,6.5,0,0,0,0
2026-08-04,Chennai,32.3,5.3,0,0,0,0
2026-08-04,Madurai,35.1,4.2,0,0,0,0
2026-08-04,Salem,32.6,7.1,0,0,0,0
2026-08-05,Coimbatore,29.9,0.0,0,0,0,1
2026-08-05,Chennai,36.8,2.5,0,0,0,0
2026-08-05,Madurai,33.5,4.2,0,0,0,1
2026-08-05,Salem,29.9,11.9,0,0,0,0
2026-08-06,Coimbatore,27.2,11.3,0,0,0,0
2026-08-06,Chennai,32.9,4.2,0,0,0,0
2026-08-06,Madurai,32.9,0.0,0,0,0,1
2026-08-06,Salem,28.1,10.2,0,0,0,0
2026-08-07,Coimbatore,30.4,2.3,0,0,0,0
2026-08-07,Chennai,34.2,1.0,0,0,0,0
2026-08-07,Madurai,35.5,0.0,0,0,0,0
2026-08-07,Salem,32.0,10.9,0,0,0,0
2026-08-08,Coimbatore,31.3,9.1,0,0,1,0
2026-08-08,Chennai,32.0,2.7,0,0,1,0
2026-08-08,Madurai,34.2,1.3,0,0,1,0
2026-08-08,Salem,29.2,0.9,0,0,1,0
2026-08-09,Coimbatore,31.8,0.0,0,0,1,0
2026-08-09,Chennai,32.7,0.0,0,0,1,0
2026-08-09,Madurai,35.8,0.0,0,0,1,0
2026-08-09,Salem,29.3,0.0,0,0,1,0
2026-08-10,Coimbatore,29.6,0.0,0,0,0,0
2026-08-10,Chennai,33.8,7.4,0,0,0,0
2026-08-10,Madurai,34.1,3.8,0,0,0,0
2026-08-10,Salem,30.9,14.2,0,0,0,0
2026-08-11,Coimbatore,27.7,5.8,0,0,0,0
2026-08-11,Chennai,31.3,6.7,0,0,0,0
2026-08-11,Madurai,32.1,3.8,0,0,0,0
2026-08-11,Salem,29.2,5.8,0,0,0,0
2026-08-12,Coimbatore,28.7,0.0,0,0,0,0
2026-08-12,Chennai,36.6,6.9,0,0,0,1
2026-08-12,Madurai,34.8,2.8,0,0,0,0
2026-08-12,Salem,28.2,8.6,0,0,0,0
2026-08-13,Coimbatore,30.8,0.0,0,0,0,0
2026-08-13,Chennai,32.3,0.0,0,0,0,0
2026-08-13,Madurai,33.1,10.1,0,0,0,0
2026-08-13,Salem,29.1,4.1,0,0,0,0
2026-08-14,Coimbatore,30.2,5.7,0,0,0,0
2026-08-14,Chennai,32.8,6.9,0,0,0,0
2026-08-14,Madurai,35.3,0.0,0,0,0,1
2026-08-14,Salem,30.2,3.6,0,0,0,0
2026-08-15,Coimbatore,28.6,0.4,1,0,1,1
2026-08-15,Chennai,31.5,8.6,1,0,1,0
2026-08-15,Madurai,33.7,3.0,1,0,1,0
2026-08-15,Salem,27.4,0.0,1,0,1,0
2026-08-16,Coimbatore,26.9,7.1,0,0,1,0
2026-08-16,Chennai,34.0,6.8,0,0,1,0
2026-08-16,Madurai,33.4,0.0,0,0,1,0
2026-08-16,Salem,30.3,5.4,0,0,1,0
2026-08-17,Coimbatore,28.8,4.0,0,0,0,0
2026-08-17,Chennai,34.9,4.1,0,0,0,0
2026-08-17,Madurai,32.4,9.0,0,0,0,0
2026-08-17,Salem,30.7,1.2,0,0,0,0
2026-08-18,Coimbatore,31.1,0.0,0,0,0,0
2026-08-18,Chennai,32.5,1.9,0,0,0,0
2026-08-18,Madurai,34.0,4.4,0,0,0,0
2026-08-18,Salem,31.9,4.7,0,0,0,0
2026-08-19,Coimbatore,28.5,0.0,0,0,0,0
2026-08-19,Chennai,34.7,9.9,0,0,0,0
2026-08-19,Madurai,30.0,1.4,0,0,0,1
2026-08-19,Salem,28.5,0.4,0,0,0,0
2026-08-20,Coimbatore,28.9,2.8,0,0,0,0
2026-08-20,Chennai,33.8,7.9,0,0,0,0
2026-08-20,Madurai,36.2,0.0,0,0,0,0
2026-08-20,Salem,32.2,2.4,0,0,0,0
2026-08-21,Coimbatore,31.5,11.8,0,0,0,1
2026-08-21,Chennai,33.0,0.0,0,0,0,0
2026-08-21,Madurai,36.9,2.4,0,0,0,0
2026-08-21,Salem,31.7,5.1,0,0,0,0
2026-08-22,Coimbatore,28.5,0.0,0,0,1,0
2026-08-22,Chennai,32.6,1.2,0,0,1,0
2026-08-22,Madurai,36.5,0.0,0,0,1,1
2026-08-22,Salem,29.9,0.5,0,0,1,0
2026-08-23,Coimbatore,28.5,1.2,0,0,1,0
2026-08-23,Chennai,32.5,0.8,0,0,1,0
2026-08-23,Madurai,33.6,4.2,0,0,1,0
2026-08-23,Salem,30.1,11.0,0,0,1,0
2026-08-24,Coimbatore,30.6,5.8,0,0,0,0
2026-08-24,Chennai,34.0,3.0,0,0,0,0
2026-08-24,Madurai,33.9,1.3,0,0,0,1
2026-08-24,Salem,31.0,6.5,0,0,0,0
2026-08-25,Coimbatore,27.7,3.2,0,1,0,0
2026-08-25,Chennai,31.1,7.8,0,1,0,0
2026-08-25,Madurai,34.7,0.0,0,1,0,0
2026-08-25,Salem,31.4,6.7,0,1,0,0
2026-08-26,Coimbatore,30.2,2.9,0,1,0,1
2026-08-26,Chennai,33.8,4.6,0,1,0,1
2026-08-26,Madurai,31.9,1.8,0,1,0,0
2026-08-26,Salem,28.0,8.1,0,1,0,0
2026-08-27,Coimbatore,28.8,0.9,0,0,0,0
2026-08-27,Chennai,31.1,0.8,0,0,0,0
2026-08-27,Madurai,35.1,2.0,0,0,0,0
2026-08-27,Salem,30.5,3.0,0,0,0,0
2026-08-28,Coimbatore,29.2,1.8,0,0,0,0
2026-08-28,Chennai,34.7,0.4,0,0,0,0
2026-08-28,Madurai,33.0,7.9,0,0,0,1
2026-08-28,Salem,29.8,6.3,0,0,0,0
2026-08-29,Coimbatore,32.0,6.2,0,0,1,0
2026-08-29,Chennai,34.5,0.0,0,0,1,0
2026-08-29,Madurai,34.2,13.8,0,0,1,0
2026-08-29,Salem,29.9,0.0,0,0,1,1
2026-08-30,Coimbatore,30.5,0.0,0,0,1,1
2026-08-30,Chennai,33.0,8.6,0,0,1,0
2026-08-30,Madurai,36.3,10.0,0,0,1,0
2026-08-30,Salem,28.8,7.7,0,0,1,0
2026-08-31,Coimbatore,27.7,6.1,0,0,0,0
2026-08-31,Chennai,30.9,0.0,0,0,0,0
2026-08-31,Madurai,32.8,1.7,0,0,0,0
2026-08-31,Salem,31.9,9.1,0,0,0,0
2026-09-01,Coimbatore,29.2,0.9,0,0,0,0
2026-09-01,Chennai,29.6,3.0,0,0,0,0
2026-09-01,Madurai,36.1,8.1,0,0,0,0
2026-09-01,Salem,31.8,0.0,0,0,0,0
2026-09-02,Coimbatore,27.9,10.2,0,0,0,0
2026-09-02,Chennai,37.0,0.0,0,0,0,0
2026-09-02,Madurai,33.5,2.1,0,0,0,0
2026-09-02,Salem,31.4,2.8,0,0,0,0
2026-09-03,Coimbatore,28.3,3.9,0,0,0,0
2026-09-03,Chennai,33.1,5.7,0,0,0,0
2026-09-03,Madurai,34.5,0.0,0,0,0,0
2026-09-03,Salem,30.7,2.3,0,0,0,1
2026-09-04,Coimbatore,26.1,14.8,0,0,0,0
2026-09-04,Chennai,33.0,0.0,0,0,0,0
2026-09-04,Madurai,32.1,0.0,0,0,0,0
2026-09-04,Salem,32.8,6.4,0,0,0,0
2026-09-05,Coimbatore,26.6,0.0,0,1,1,0
2026-09-05,Chennai,32.7,10.0,0,1,1,0
2026-09-05,Madurai,35.8,4.9,0,1,1,0
2026-09-05,Salem,28.6,0.0,0,1,1,0
2026-09-06,Coimbatore,27.9,11.5,0,0,1,0
2026-09-06,Chennai,31.0,9.5,0,0,1,0
2026-09-06,Madurai,34.6,0.0,0,0,1,1
2026-09-06,Salem,29.6,0.0,0,0,1,0
2026-09-07,Coimbatore,28.9,8.0,0,0,0,0
2026-09-07,Chennai,32.6,7.3,0,0,0,0
2026-09-07,Madurai,36.7,0.0,0,0,0,0
2026-09-07,Salem,30.2,11.4,0,0,0,0
2026-09-08,Coimbatore,31.9,7.0,0,0,0,0
2026-09-08,Chennai,34.2,10.5,0,0,0,1
2026-09-08,Madurai,34.3,4.0,0,0,0,0
2026-09-08,Salem,29.2,2.0,0,0,0,0
2026-09-09,Coimbatore,28.0,4.6,0,0,0,0
2026-09-09,Chennai,31.7,0.0,0,0,0,0
2026-09-09,Madurai,33.9,1.3,0,0,0,1
2026-09-09,Salem,30.4,0.0,0,0,0,0
2026-09-10,Coimbatore,30.3,9.6,0,0,0,0
2026-09-10,Chennai,31.9,6.2,0,0,0,0
2026-09-10,Madurai,32.2,4.5,0,0,0,0
2026-09-10,Salem,26.0,2.4,0,0,0,0
2026-09-11,Coimbatore,27.7,12.7,0,0,0,0
2026-09-11,Chennai,32.8,0.0,0,0,0,0
2026-09-11,Madurai,37.5,1.7,0,0,0,0
2026-09-11,Salem,29.3,3.9,0,0,0,0
2026-09-12,Coimbatore,30.6,0.2,0,0,1,0
2026-09-12,Chennai,33.1,5.3,0,0,1,0
2026-09-12,Madurai,34.4,0.0,0,0,1,0
2026-09-12,Salem,30.6,7.6,0,0,1,0
2026-09-13,Coimbatore,28.1,5.1,0,0,1,0
2026-09-13,Chennai,33.4,0.0,0,0,1,0
2026-09-13,Madurai,33.3,0.0,0,0,1,0
2026-09-13,Salem,31.2,4.2,0,0,1,0
2026-09-14,Coimbatore,28.8,0.0,0,0,0,0
2026-09-14,Chennai,33.4,1.1,0,0,0,0
2026-09-14,Madurai,30.8,9.7,0,0,0,0
2026-09-14,Salem,30.5,0.0,0,0,0,0
2026-09-15,Coimbatore,29.8,6.9,1,0,0,0
2026-09-15,Chennai,33.9,1.1,1,0,0,0
2026-09-15,Madurai,36.0,0.0,1,0,0,0
2026-09-15,Salem,30.2,10.3,1,0,0,0
