date,store,product,opening,received,sold,closing,reorder_lvl,lead_days
2026-08-01,S01,P101,263,0,79,184,199,3
2026-08-01,S01,P205,42,0,26,16,37,3
2026-08-01,S01,P330,323,30,145,208,183,4
2026-08-01,S01,P442,192,0,74,118,150,1
2026-08-01,S02,P101,256,0,147,109,268,1
2026-08-01,S02,P205,64,0,29,35,46,4
2026-08-01,S02,P330,429,0,172,257,256,1
2026-08-01,S02,P442,206,15,96,125,175,3
2026-08-01,S03,P101,147,24,83,88,146,3
2026-08-01,S03,P205,32,0,14,18,28,2
2026-08-01,S03,P330,234,38,87,185,136,3
2026-08-01,S03,P442,87,0,57,30,115,3
2026-08-01,S04,P101,129,73,126,76,128,4
2026-08-01,S04,P205,39,0,17,22,30,3
2026-08-01,S04,P330,231,101,110,222,183,3
2026-08-01,S04,P442,185,0,69,116,115,1
2026-08-02,S01,P101,166,49,111,104,145,3
2026-08-02,S01,P205,33,0,19,14,27,4
2026-08-02,S01,P330,331,0,157,174,183,4
2026-08-02,S01,P442,201,0,75,126,125,2
2026-08-02,S02,P101,207,51,126,132,280,1
2026-08-02,S02,P205,55,0,30,25,37,3
2026-08-02,S02,P330,339,0,235,104,349,3
2026-08-02,S02,P442,196,0,114,82,179,2
2026-08-02,S03,P101,153,0,89,64,137,4
2026-08-02,S03,P205,23,0,12,11,24,4
2026-08-02,S03,P330,138,67,103,102,163,1
2026-08-02,S03,P442,132,0,59,73,107,3
2026-08-02,S04,P101,154,0,112,42,179,2
2026-08-02,S04,P205,39,6,18,27,29,1
2026-08-02,S04,P330,168,0,163,5,201,3
2026-08-02,S04,P442,162,0,79,83,136,3
2026-08-03,S01,P101,201,0,86,115,167,2
2026-08-03,S01,P205,28,0,19,9,37,3
2026-08-03,S01,P330,212,0,122,90,243,2
2026-08-03,S01,P442,115,0,81,34,145,2
2026-08-03,S02,P101,323,0,131,192,248,3
2026-08-03,S02,P205,46,0,26,20,40,3
2026-08-03,S02,P330,416,0,200,216,282,2
2026-08-03,S02,P442,234,114,106,242,217,1
2026-08-03,S03,P101,105,63,86,82,145,2
2026-08-03,S03,P205,22,0,14,8,27,2
2026-08-03,S03,P330,172,0,101,71,184,4
2026-08-03,S03,P442,98,13,59,52,91,3
2026-08-03,S04,P101,202,0,101,101,161,4
2026-08-03,S04,P205,35,0,15,20,33,2
2026-08-03,S04,P330,181,16,107,90,197,2
2026-08-03,S04,P442,183,5,59,129,136,2
2026-08-04,S01,P101,195,0,97,98,191,2
2026-08-04,S01,P205,30,16,23,23,33,2
2026-08-04,S01,P330,233,141,135,239,229,4
2026-08-04,S01,P442,181,56,72,165,144,2
2026-08-04,S02,P101,261,0,150,111,275,3
2026-08-04,S02,P205,52,0,26,26,52,1
2026-08-04,S02,P330,306,0,147,159,288,3
2026-08-04,S02,P442,211,0,111,100,183,2
2026-08-04,S03,P101,116,0,66,50,134,1
2026-08-04,S03,P205,34,0,13,21,25,3
2026-08-04,S03,P330,152,20,93,79,164,4
2026-08-04,S03,P442,105,0,56,49,94,1
2026-08-04,S04,P101,143,0,94,49,187,2
2026-08-04,S04,P205,32,0,16,16,32,1
2026-08-04,S04,P330,168,103,116,155,168,4
2026-08-04,S04,P442,136,0,61,75,107,4
2026-08-05,S01,P101,240,0,102,138,177,4
2026-08-05,S01,P205,48,0,17,31,35,1
2026-08-05,S01,P330,273,18,130,161,186,1
2026-08-05,S01,P442,172,2,76,98,158,2
2026-08-05,S02,P101,270,0,162,108,268,2
2026-08-05,S02,P205,66,0,24,42,37,2
2026-08-05,S02,P330,323,201,166,358,336,1
2026-08-05,S02,P442,259,29,131,157,189,1
2026-08-05,S03,P101,151,36,67,120,120,4
2026-08-05,S03,P205,27,0,14,13,24,2
2026-08-05,S03,P330,234,78,91,221,141,1
2026-08-05,S03,P442,139,0,65,74,81,4
2026-08-05,S04,P101,231,104,101,234,169,2
2026-08-05,S04,P205,42,0,16,26,31,4
2026-08-05,S04,P330,301,0,112,189,196,3
2026-08-05,S04,P442,185,64,64,185,144,1
2026-08-06,S01,P101,142,0,98,44,182,4
2026-08-06,S01,P205,30,0,19,11,35,2
2026-08-06,S01,P330,269,75,101,243,197,1
2026-08-06,S01,P442,132,0,81,51,155,2
2026-08-06,S02,P101,273,0,155,118,242,2
2026-08-06,S02,P205,51,0,26,25,42,2
2026-08-06,S02,P330,386,6,170,222,272,4
2026-08-06,S02,P442,209,0,113,96,186,2
2026-08-06,S03,P101,118,86,73,131,111,1
2026-08-06,S03,P205,30,0,17,13,23,3
2026-08-06,S03,P330,180,0,96,84,186,1
2026-08-06,S03,P442,141,7,59,89,91,2
2026-08-06,S04,P101,234,0,100,134,180,3
2026-08-06,S04,P205,27,15,15,27,26,2
2026-08-06,S04,P330,166,0,114,52,214,1
2026-08-06,S04,P442,151,0,61,90,142,1
2026-08-07,S01,P101,209,0,116,93,198,4
2026-08-07,S01,P205,43,0,24,19,27,3
2026-08-07,S01,P330,305,0,122,183,206,4
2026-08-07,S01,P442,167,93,78,182,137,3
2026-08-07,S02,P101,221,0,134,87,273,4
2026-08-07,S02,P205,56,0,19,37,46,3
2026-08-07,S02,P330,347,0,161,186,258,1
2026-08-07,S02,P442,271,0,112,159,170,1
2026-08-07,S03,P101,126,0,64,62,135,4
2026-08-07,S03,P205,31,0,12,19,19,4
2026-08-07,S03,P330,155,0,107,48,138,1
2026-08-07,S03,P442,141,0,49,92,100,4
2026-08-07,S04,P101,185,0,79,106,157,2
2026-08-07,S04,P205,42,0,14,28,33,4
2026-08-07,S04,P330,278,0,103,175,234,2
2026-08-07,S04,P442,125,0,75,50,101,3
2026-08-08,S01,P101,198,45,110,133,170,2
2026-08-08,S01,P205,44,12,22,34,29,1
2026-08-08,S01,P330,199,0,118,81,200,2
2026-08-08,S01,P442,204,0,88,116,116,1
2026-08-08,S02,P101,198,0,175,23,251,3
2026-08-08,S02,P205,61,0,30,31,43,1
2026-08-08,S02,P330,297,202,167,332,297,3
2026-08-08,S02,P442,196,0,123,73,167,1
2026-08-08,S03,P101,128,0,60,68,143,1
2026-08-08,S03,P205,30,9,16,23,28,2
2026-08-08,S03,P330,213,0,92,121,136,3
2026-08-08,S03,P442,109,0,62,47,88,2
2026-08-08,S04,P101,129,0,100,29,173,4
2026-08-08,S04,P205,42,0,20,22,28,1
2026-08-08,S04,P330,246,45,135,156,210,3
2026-08-08,S04,P442,168,0,77,91,115,1
2026-08-09,S01,P101,229,0,144,85,145,3
2026-08-09,S01,P205,49,1,24,26,30,4
2026-08-09,S01,P330,321,83,146,258,214,3
2026-08-09,S01,P442,208,63,91,180,122,4
2026-08-09,S02,P101,355,67,148,274,241,3
2026-08-09,S02,P205,63,0,27,36,44,4
2026-08-09,S02,P330,246,138,166,218,261,2
2026-08-09,S02,P442,238,0,125,113,178,3
2026-08-09,S03,P101,116,0,73,43,140,3
2026-08-09,S03,P205,31,0,14,17,22,2
2026-08-09,S03,P330,203,77,97,183,135,4
2026-08-09,S03,P442,130,0,69,61,98,3
2026-08-09,S04,P101,178,0,85,93,167,4
2026-08-09,S04,P205,31,0,17,14,25,3
2026-08-09,S04,P330,288,113,149,252,166,3
2026-08-09,S04,P442,186,37,72,151,103,4
2026-08-10,S01,P101,170,0,91,79,182,3
2026-08-10,S01,P205,46,0,17,29,32,3
2026-08-10,S01,P330,288,142,121,309,219,3
2026-08-10,S01,P442,138,46,84,100,164,4
2026-08-10,S02,P101,272,101,127,246,217,4
2026-08-10,S02,P205,61,0,24,37,45,3
2026-08-10,S02,P330,308,0,176,132,351,2
2026-08-10,S02,P442,239,0,99,140,198,1
2026-08-10,S03,P101,155,0,88,67,109,1
2026-08-10,S03,P205,19,0,13,6,22,1
2026-08-10,S03,P330,226,0,100,126,143,4
2026-08-10,S03,P442,130,0,46,84,95,4
2026-08-10,S04,P101,222,0,99,123,178,4
2026-08-10,S04,P205,27,4,17,14,34,3
2026-08-10,S04,P330,278,0,117,161,183,3
2026-08-10,S04,P442,174,0,76,98,115,4
2026-08-11,S01,P101,231,0,85,146,200,1
2026-08-11,S01,P205,37,0,16,21,33,4
2026-08-11,S01,P330,319,0,119,200,217,3
2026-08-11,S01,P442,137,94,61,170,124,3
2026-08-11,S02,P101,249,0,185,64,198,1
2026-08-11,S02,P205,51,12,25,38,43,2
2026-08-11,S02,P330,253,84,196,141,276,4
2026-08-11,S02,P442,224,4,109,119,167,3
2026-08-11,S03,P101,175,0,48,127,129,3
2026-08-11,S03,P205,24,0,16,8,20,1
2026-08-11,S03,P330,193,0,84,109,164,2
2026-08-11,S03,P442,120,0,55,65,112,3
2026-08-11,S04,P101,183,0,111,72,155,2
2026-08-11,S04,P205,39,0,18,21,34,2
2026-08-11,S04,P330,189,0,115,74,183,3
2026-08-11,S04,P442,181,0,60,121,134,2
2026-08-12,S01,P101,184,0,99,85,157,1
2026-08-12,S01,P205,46,0,18,28,30,1
2026-08-12,S01,P330,217,0,115,102,234,3
2026-08-12,S01,P442,168,79,74,173,145,3
2026-08-12,S02,P101,193,0,139,54,232,2
2026-08-12,S02,P205,65,0,21,44,45,2
2026-08-12,S02,P330,339,0,139,200,262,2
2026-08-12,S02,P442,279,0,99,180,212,2
2026-08-12,S03,P101,136,0,73,63,141,1
2026-08-12,S03,P205,27,0,11,16,20,1
2026-08-12,S03,P330,241,0,102,139,164,2
2026-08-12,S03,P442,83,12,57,38,113,1
2026-08-12,S04,P101,227,0,100,127,174,2
2026-08-12,S04,P205,25,19,15,29,30,3
2026-08-12,S04,P330,238,0,121,117,206,4
2026-08-12,S04,P442,137,0,74,63,130,2
2026-08-13,S01,P101,229,120,100,249,172,2
2026-08-13,S01,P205,33,0,17,16,29,1
2026-08-13,S01,P330,181,0,157,24,261,1
2026-08-13,S01,P442,151,84,97,138,120,4
2026-08-13,S02,P101,283,0,141,142,219,3
2026-08-13,S02,P205,39,0,23,16,47,3
2026-08-13,S02,P330,298,101,180,219,273,4
2026-08-13,S02,P442,243,0,105,138,158,2
2026-08-13,S03,P101,186,0,74,112,144,3
2026-08-13,S03,P205,27,0,11,16,23,1
2026-08-13,S03,P330,178,0,79,99,143,3
2026-08-13,S03,P442,83,0,58,25,81,3
2026-08-13,S04,P101,215,0,85,130,158,3
2026-08-13,S04,P205,29,0,15,14,34,1
2026-08-13,S04,P330,246,82,155,173,192,3
2026-08-13,S04,P442,115,16,62,69,132,3
2026-08-14,S01,P101,185,0,100,85,195,3
2026-08-14,S01,P205,31,0,20,11,29,3
2026-08-14,S01,P330,317,99,127,289,228,2
2026-08-14,S01,P442,153,0,78,75,140,2
2026-08-14,S02,P101,248,115,119,244,210,1
2026-08-14,S02,P205,57,0,26,31,51,3
2026-08-14,S02,P330,258,0,167,91,334,3
2026-08-14,S02,P442,211,0,119,92,221,4
2026-08-14,S03,P101,160,0,56,104,103,3
2026-08-14,S03,P205,29,0,14,15,24,4
2026-08-14,S03,P330,197,0,87,110,176,2
2026-08-14,S03,P442,141,0,62,79,109,4
2026-08-14,S04,P101,205,66,99,172,144,3
2026-08-14,S04,P205,34,8,14,28,34,3
2026-08-14,S04,P330,276,0,109,167,235,3
2026-08-14,S04,P442,132,0,66,66,128,3
2026-08-15,S01,P101,200,0,119,81,175,2
2026-08-15,S01,P205,29,0,23,6,34,3
2026-08-15,S01,P330,310,0,148,162,260,3
2026-08-15,S01,P442,117,41,95,63,116,4
2026-08-15,S02,P101,295,0,155,140,262,2
2026-08-15,S02,P205,61,0,24,37,39,3
2026-08-15,S02,P330,297,0,173,124,319,4
2026-08-15,S02,P442,261,0,110,151,195,2
2026-08-15,S03,P101,127,0,79,48,111,1
2026-08-15,S03,P205,36,0,15,21,22,3
2026-08-15,S03,P330,229,0,117,112,160,1
2026-08-15,S03,P442,121,19,58,82,89,1
2026-08-15,S04,P101,209,0,98,111,148,4
2026-08-15,S04,P205,36,7,20,23,26,4
2026-08-15,S04,P330,260,0,112,148,219,3
2026-08-15,S04,P442,181,0,74,107,124,3
2026-08-16,S01,P101,235,0,117,118,148,1
2026-08-16,S01,P205,42,0,21,21,37,3
2026-08-16,S01,P330,223,48,105,166,251,2
2026-08-16,S01,P442,127,0,85,42,135,2
2026-08-16,S02,P101,311,0,171,140,224,4
2026-08-16,S02,P205,50,0,29,21,38,2
2026-08-16,S02,P330,415,0,188,227,317,3
2026-08-16,S02,P442,180,78,105,153,204,4
2026-08-16,S03,P101,123,10,74,59,103,1
2026-08-16,S03,P205,33,0,15,18,22,4
2026-08-16,S03,P330,181,0,100,81,186,2
2026-08-16,S03,P442,127,0,57,70,102,2
2026-08-16,S04,P101,176,0,89,87,185,3
2026-08-16,S04,P205,24,0,17,7,26,2
2026-08-16,S04,P330,202,44,133,113,165,1
2026-08-16,S04,P442,175,0,78,97,125,1
2026-08-17,S01,P101,194,21,92,123,170,1
2026-08-17,S01,P205,28,19,16,31,38,3
2026-08-17,S01,P330,227,91,140,178,213,3
2026-08-17,S01,P442,191,22,95,118,155,1
2026-08-17,S02,P101,258,0,121,137,206,2
2026-08-17,S02,P205,38,12,27,23,48,1
2026-08-17,S02,P330,326,155,142,339,283,2
2026-08-17,S02,P442,217,0,106,111,153,3
2026-08-17,S03,P101,170,76,70,176,107,2
2026-08-17,S03,P205,32,0,15,17,22,4
2026-08-17,S03,P330,212,0,93,119,158,2
2026-08-17,S03,P442,110,0,48,62,87,3
2026-08-17,S04,P101,217,0,82,135,137,2
2026-08-17,S04,P205,36,15,18,33,25,1
2026-08-17,S04,P330,287,0,121,166,183,2
2026-08-17,S04,P442,180,0,93,87,139,3
2026-08-18,S01,P101,241,0,111,130,208,3
2026-08-18,S01,P205,32,0,16,16,33,3
2026-08-18,S01,P330,325,0,133,192,202,2
2026-08-18,S01,P442,204,0,92,112,150,4
2026-08-18,S02,P101,202,0,144,58,237,2
2026-08-18,S02,P205,36,0,31,5,46,2
2026-08-18,S02,P330,373,0,165,208,267,3
2026-08-18,S02,P442,171,115,106,180,191,3
2026-08-18,S03,P101,119,0,63,56,118,2
2026-08-18,S03,P205,29,0,13,16,25,1
2026-08-18,S03,P330,153,0,96,57,132,2
2026-08-18,S03,P442,136,0,59,77,96,4
2026-08-18,S04,P101,153,0,83,70,133,1
2026-08-18,S04,P205,42,4,17,29,29,3
2026-08-18,S04,P330,288,0,141,147,196,2
2026-08-18,S04,P442,106,0,86,20,135,1
2026-08-19,S01,P101,210,0,110,100,203,3
2026-08-19,S01,P205,32,0,19,13,32,3
2026-08-19,S01,P330,281,0,113,168,236,2
2026-08-19,S01,P442,209,34,81,162,147,3
2026-08-19,S02,P101,251,0,137,114,242,2
2026-08-19,S02,P205,65,21,25,61,39,2
2026-08-19,S02,P330,378,104,210,272,256,2
2026-08-19,S02,P442,175,0,92,83,179,1
2026-08-19,S03,P101,174,57,58,173,134,1
2026-08-19,S03,P205,30,0,15,15,28,2
2026-08-19,S03,P330,214,0,105,109,154,3
2026-08-19,S03,P442,104,12,53,63,117,2
2026-08-19,S04,P101,169,0,86,83,181,3
2026-08-19,S04,P205,30,0,16,14,34,3
2026-08-19,S04,P330,186,62,111,137,168,2
2026-08-19,S04,P442,177,4,70,111,135,3
2026-08-20,S01,P101,151,0,94,57,199,3
2026-08-20,S01,P205,32,5,19,18,33,1
2026-08-20,S01,P330,307,0,132,175,251,4
2026-08-20,S01,P442,202,0,74,128,115,4
2026-08-20,S02,P101,295,0,137,158,202,4
2026-08-20,S02,P205,59,0,31,28,50,1
2026-08-20,S02,P330,391,0,159,232,243,4
2026-08-20,S02,P442,176,0,116,60,156,4
2026-08-20,S03,P101,129,0,75,54,110,2
2026-08-20,S03,P205,28,16,13,31,21,1
2026-08-20,S03,P330,208,50,118,140,179,2
2026-08-20,S03,P442,100,0,54,46,117,2
2026-08-20,S04,P101,212,0,92,120,139,3
2026-08-20,S04,P205,36,0,17,19,32,4
2026-08-20,S04,P330,177,0,100,77,205,2
2026-08-20,S04,P442,167,0,66,101,146,4
2026-08-21,S01,P101,184,0,78,106,145,2
2026-08-21,S01,P205,44,0,19,25,29,3
2026-08-21,S01,P330,290,69,119,240,190,4
2026-08-21,S01,P442,204,0,73,131,149,4
2026-08-21,S02,P101,224,0,104,120,244,4
2026-08-21,S02,P205,58,0,26,32,47,1
2026-08-21,S02,P330,306,0,189,117,307,4
2026-08-21,S02,P442,247,0,121,126,170,4
2026-08-21,S03,P101,168,42,90,120,118,3
2026-08-21,S03,P205,23,0,15,8,23,4
2026-08-21,S03,P330,174,0,97,77,152,3
2026-08-21,S03,P442,104,0,63,41,85,4
2026-08-21,S04,P101,159,0,87,72,183,1
2026-08-21,S04,P205,26,0,21,5,34,4
2026-08-21,S04,P330,188,0,123,65,182,2
2026-08-21,S04,P442,133,61,56,138,145,3
2026-08-22,S01,P101,226,0,107,119,204,4
2026-08-22,S01,P205,34,0,18,16,30,2
2026-08-22,S01,P330,274,0,151,123,242,2
2026-08-22,S01,P442,178,33,80,131,154,4
2026-08-22,S02,P101,197,0,146,51,270,2
2026-08-22,S02,P205,57,0,20,37,39,4
2026-08-22,S02,P330,337,74,179,232,323,1
2026-08-22,S02,P442,212,0,151,61,191,1
2026-08-22,S03,P101,107,0,75,32,105,2
2026-08-22,S03,P205,36,9,16,29,20,3
2026-08-22,S03,P330,168,0,91,77,167,3
2026-08-22,S03,P442,129,0,59,70,89,2
2026-08-22,S04,P101,161,74,115,120,136,2
2026-08-22,S04,P205,41,0,22,19,32,1
2026-08-22,S04,P330,291,0,100,191,191,4
2026-08-22,S04,P442,179,0,76,103,122,4
2026-08-23,S01,P101,233,103,119,217,144,2
2026-08-23,S01,P205,41,0,21,20,28,3
2026-08-23,S01,P330,227,0,147,80,210,4
2026-08-23,S01,P442,188,17,77,128,157,2
2026-08-23,S02,P101,297,0,135,162,196,3
2026-08-23,S02,P205,53,0,30,23,44,2
2026-08-23,S02,P330,298,0,186,112,356,3
2026-08-23,S02,P442,166,33,127,72,161,1
2026-08-23,S03,P101,191,24,90,125,147,1
2026-08-23,S03,P205,30,0,15,15,24,3
2026-08-23,S03,P330,164,0,92,72,133,2
2026-08-23,S03,P442,89,0,60,29,82,1
2026-08-23,S04,P101,139,0,91,48,177,4
2026-08-23,S04,P205,36,3,14,25,26,2
2026-08-23,S04,P330,165,0,109,56,209,4
2026-08-23,S04,P442,117,71,74,114,128,2
2026-08-24,S01,P101,215,0,95,120,163,3
2026-08-24,S01,P205,48,20,17,51,28,3
2026-08-24,S01,P330,260,66,169,157,217,1
2026-08-24,S01,P442,114,16,93,37,135,4
2026-08-24,S02,P101,265,0,135,130,260,2
2026-08-24,S02,P205,65,0,22,43,48,3
2026-08-24,S02,P330,412,87,172,327,319,4
2026-08-24,S02,P442,165,107,112,160,178,2
2026-08-24,S03,P101,154,0,81,73,126,2
2026-08-24,S03,P205,21,0,13,8,22,3
2026-08-24,S03,P330,160,0,84,76,150,1
2026-08-24,S03,P442,81,41,61,61,98,4
2026-08-24,S04,P101,194,0,118,76,129,3
2026-08-24,S04,P205,27,0,15,12,34,2
2026-08-24,S04,P330,236,0,115,121,203,3
2026-08-24,S04,P442,176,0,78,98,145,3
2026-08-25,S01,P101,171,108,96,183,206,4
2026-08-25,S01,P205,44,2,19,27,34,2
2026-08-25,S01,P330,305,0,147,158,204,3
2026-08-25,S01,P442,113,58,106,65,130,4
2026-08-25,S02,P101,294,160,146,308,238,1
2026-08-25,S02,P205,63,0,19,44,47,4
2026-08-25,S02,P330,425,0,213,212,257,4
2026-08-25,S02,P442,199,0,117,82,189,2
2026-08-25,S03,P101,123,0,53,70,125,4
2026-08-25,S03,P205,22,0,14,8,27,4
2026-08-25,S03,P330,131,0,92,39,176,1
2026-08-25,S03,P442,93,0,49,44,97,3
2026-08-25,S04,P101,142,0,97,45,157,3
2026-08-25,S04,P205,42,0,18,24,32,3
2026-08-25,S04,P330,227,0,163,64,170,1
2026-08-25,S04,P442,106,2,84,24,136,3
2026-08-26,S01,P101,156,0,98,58,158,4
2026-08-26,S01,P205,30,19,20,29,29,4
2026-08-26,S01,P330,196,81,114,163,227,2
2026-08-26,S01,P442,188,0,101,87,142,4
2026-08-26,S02,P101,195,0,163,32,241,3
2026-08-26,S02,P205,51,0,25,26,37,2
2026-08-26,S02,P330,361,0,185,176,323,1
2026-08-26,S02,P442,193,0,131,62,214,4
2026-08-26,S03,P101,103,0,71,32,131,3
2026-08-26,S03,P205,24,11,17,18,25,1
2026-08-26,S03,P330,159,0,93,66,135,4
2026-08-26,S03,P442,149,0,70,79,107,3
2026-08-26,S04,P101,188,0,123,65,143,4
2026-08-26,S04,P205,28,15,19,24,33,4
2026-08-26,S04,P330,250,62,151,161,204,3
2026-08-26,S04,P442,147,36,71,112,115,4
2026-08-27,S01,P101,207,2,103,106,190,3
2026-08-27,S01,P205,29,11,23,17,34,2
2026-08-27,S01,P330,191,0,114,77,244,3
2026-08-27,S01,P442,147,0,88,59,163,4
2026-08-27,S02,P101,229,0,127,102,210,1
2026-08-27,S02,P205,65,27,26,66,36,3
2026-08-27,S02,P330,259,0,171,88,340,1
2026-08-27,S02,P442,231,105,97,239,220,4
2026-08-27,S03,P101,169,0,61,108,114,2
2026-08-27,S03,P205,26,0,14,12,19,2
2026-08-27,S03,P330,139,0,104,35,154,3
2026-08-27,S03,P442,133,8,52,89,90,1
2026-08-27,S04,P101,149,67,102,114,131,1
2026-08-27,S04,P205,35,0,15,20,26,4
2026-08-27,S04,P330,273,0,150,123,229,3
2026-08-27,S04,P442,122,0,71,51,113,2
2026-08-28,S01,P101,192,0,103,89,187,3
2026-08-28,S01,P205,35,0,22,13,30,2
2026-08-28,S01,P330,214,1,135,80,192,4
2026-08-28,S01,P442,189,53,64,178,157,3
2026-08-28,S02,P101,358,0,116,242,199,3
2026-08-28,S02,P205,41,28,23,46,44,1
2026-08-28,S02,P330,303,0,157,146,294,2
2026-08-28,S02,P442,257,0,98,159,190,1
2026-08-28,S03,P101,175,0,61,114,142,1
2026-08-28,S03,P205,35,0,14,21,26,4
2026-08-28,S03,P330,231,41,92,180,167,1
2026-08-28,S03,P442,110,0,51,59,103,2
2026-08-28,S04,P101,171,64,69,166,185,3
2026-08-28,S04,P205,40,16,14,42,26,3
2026-08-28,S04,P330,282,0,107,175,219,4
2026-08-28,S04,P442,137,0,89,48,103,1
2026-08-29,S01,P101,230,0,121,109,195,1
2026-08-29,S01,P205,35,0,19,16,31,2
2026-08-29,S01,P330,280,0,116,164,204,1
2026-08-29,S01,P442,194,0,92,102,135,1
2026-08-29,S02,P101,329,110,158,281,227,1
2026-08-29,S02,P205,44,0,26,18,41,2
2026-08-29,S02,P330,302,0,177,125,309,4
2026-08-29,S02,P442,202,0,117,85,153,1
2026-08-29,S03,P101,148,0,90,58,139,4
2026-08-29,S03,P205,29,8,16,21,21,4
2026-08-29,S03,P330,199,0,99,100,134,4
2026-08-29,S03,P442,143,14,67,90,117,2
2026-08-29,S04,P101,135,0,115,20,162,3
2026-08-29,S04,P205,27,0,22,5,34,4
2026-08-29,S04,P330,199,0,120,79,216,4
2026-08-29,S04,P442,173,0,66,107,123,4
2026-08-30,S01,P101,237,113,118,232,181,1
2026-08-30,S01,P205,33,10,22,21,30,3
2026-08-30,S01,P330,259,95,135,219,227,1
2026-08-30,S01,P442,155,53,87,121,130,4
2026-08-30,S02,P101,347,0,194,153,227,1
2026-08-30,S02,P205,61,6,34,33,43,2
2026-08-30,S02,P330,265,0,167,98,261,2
2026-08-30,S02,P442,157,0,135,22,210,1
2026-08-30,S03,P101,113,0,68,45,144,4
2026-08-30,S03,P205,22,0,14,8,21,1
2026-08-30,S03,P330,184,0,88,96,145,1
2026-08-30,S03,P442,94,0,62,32,107,1
2026-08-30,S04,P101,175,0,84,91,143,4
2026-08-30,S04,P205,38,0,17,21,25,4
2026-08-30,S04,P330,227,0,145,82,206,3
2026-08-30,S04,P442,177,0,66,111,110,4
2026-08-31,S01,P101,222,0,90,132,189,1
2026-08-31,S01,P205,47,0,17,30,34,1
2026-08-31,S01,P330,225,0,124,101,205,3
2026-08-31,S01,P442,151,0,83,68,134,1
2026-08-31,S02,P101,282,0,134,148,203,1
2026-08-31,S02,P205,52,0,26,26,49,2
2026-08-31,S02,P330,377,17,146,248,256,3
2026-08-31,S02,P442,250,0,110,140,184,1
2026-08-31,S03,P101,123,0,72,51,141,2
2026-08-31,S03,P205,21,0,14,7,25,1
2026-08-31,S03,P330,197,0,101,96,186,1
2026-08-31,S03,P442,127,40,57,110,115,2
2026-08-31,S04,P101,231,0,89,142,139,4
2026-08-31,S04,P205,36,11,17,30,34,1
2026-08-31,S04,P330,185,0,107,78,200,4
2026-08-31,S04,P442,117,63,66,114,108,2
2026-09-01,S01,P101,237,0,112,125,163,2
2026-09-01,S01,P205,46,0,23,23,30,1
2026-09-01,S01,P330,230,0,129,101,203,2
2026-09-01,S01,P442,203,41,100,144,149,3
2026-09-01,S02,P101,219,0,114,105,204,3
2026-09-01,S02,P205,50,0,25,25,51,2
2026-09-01,S02,P330,381,0,148,233,275,3
2026-09-01,S02,P442,196,0,110,86,215,1
2026-09-01,S03,P101,162,0,59,103,115,1
2026-09-01,S03,P205,23,0,14,9,20,1
2026-09-01,S03,P330,155,0,78,77,144,1
2026-09-01,S03,P442,141,0,46,95,87,4
2026-09-01,S04,P101,154,0,74,80,136,4
2026-09-01,S04,P205,29,0,16,13,30,1
2026-09-01,S04,P330,300,0,93,207,207,4
2026-09-01,S04,P442,149,0,76,73,106,2
2026-09-02,S01,P101,242,0,79,163,191,3
2026-09-02,S01,P205,43,1,18,26,38,4
2026-09-02,S01,P330,234,0,123,111,254,4
2026-09-02,S01,P442,205,58,69,194,115,3
2026-09-02,S02,P101,206,3,134,75,195,3
2026-09-02,S02,P205,43,0,33,10,49,3
2026-09-02,S02,P330,387,194,178,403,307,4
2026-09-02,S02,P442,204,0,104,100,208,2
2026-09-02,S03,P101,174,0,68,106,133,2
2026-09-02,S03,P205,35,0,14,21,25,4
2026-09-02,S03,P330,150,0,81,69,149,3
2026-09-02,S03,P442,95,9,58,46,108,2
2026-09-02,S04,P101,233,0,81,152,131,4
2026-09-02,S04,P205,28,0,17,11,30,3
2026-09-02,S04,P330,255,0,102,153,183,3
2026-09-02,S04,P442,151,0,77,74,123,4
2026-09-03,S01,P101,226,0,93,133,174,1
2026-09-03,S01,P205,31,0,19,12,37,4
2026-09-03,S01,P330,214,0,128,86,263,4
2026-09-03,S01,P442,146,0,77,69,143,4
2026-09-03,S02,P101,319,93,137,275,226,4
2026-09-03,S02,P205,47,18,28,37,53,3
2026-09-03,S02,P330,392,0,139,253,245,1
2026-09-03,S02,P442,233,0,102,131,212,4
2026-09-03,S03,P101,175,0,72,103,109,1
2026-09-03,S03,P205,34,0,12,22,24,3
2026-09-03,S03,P330,132,0,107,25,177,1
2026-09-03,S03,P442,136,0,54,82,118,2
2026-09-03,S04,P101,219,100,94,225,179,3
2026-09-03,S04,P205,36,2,19,19,24,2
2026-09-03,S04,P330,210,0,116,94,197,3
2026-09-03,S04,P442,111,38,84,65,120,3
2026-09-04,S01,P101,181,0,101,80,198,2
2026-09-04,S01,P205,50,0,18,32,36,2
2026-09-04,S01,P330,288,135,129,294,182,2
2026-09-04,S01,P442,185,52,71,166,126,4
2026-09-04,S02,P101,342,133,142,333,281,2
2026-09-04,S02,P205,58,20,29,49,47,3
2026-09-04,S02,P330,271,0,146,125,349,3
2026-09-04,S02,P442,239,0,101,138,207,1
2026-09-04,S03,P101,117,0,67,50,140,1
2026-09-04,S03,P205,26,0,14,12,24,2
2026-09-04,S03,P330,148,0,95,53,163,2
2026-09-04,S03,P442,101,34,54,81,92,3
2026-09-04,S04,P101,145,0,72,73,134,3
2026-09-04,S04,P205,39,0,14,25,31,1
2026-09-04,S04,P330,220,0,85,135,237,2
2026-09-04,S04,P442,131,37,70,98,123,2
2026-09-05,S01,P101,201,0,110,91,168,2
2026-09-05,S01,P205,31,18,23,26,38,2
2026-09-05,S01,P330,207,0,145,62,208,4
2026-09-05,S01,P442,113,0,96,17,115,4
2026-09-05,S02,P101,326,0,175,151,251,1
2026-09-05,S02,P205,58,0,31,27,52,4
2026-09-05,S02,P330,259,124,178,205,310,3
2026-09-05,S02,P442,250,102,123,229,210,2
2026-09-05,S03,P101,108,23,81,50,128,3
2026-09-05,S03,P205,24,0,15,9,22,2
2026-09-05,S03,P330,186,0,121,65,151,4
2026-09-05,S03,P442,150,0,60,90,112,2
2026-09-05,S04,P101,197,0,119,78,186,3
2026-09-05,S04,P205,24,0,18,6,31,4
2026-09-05,S04,P330,170,0,148,22,199,1
2026-09-05,S04,P442,174,0,87,87,140,3
2026-09-06,S01,P101,216,0,125,91,145,1
2026-09-06,S01,P205,43,3,25,21,32,3
2026-09-06,S01,P330,275,0,130,145,193,1
2026-09-06,S01,P442,143,0,101,42,132,3
2026-09-06,S02,P101,246,0,135,111,268,2
2026-09-06,S02,P205,55,0,29,26,46,3
2026-09-06,S02,P330,322,0,199,123,335,1
2026-09-06,S02,P442,158,33,132,59,200,3
2026-09-06,S03,P101,110,0,67,43,132,2
2026-09-06,S03,P205,28,16,15,29,23,2
2026-09-06,S03,P330,178,0,100,78,185,4
2026-09-06,S03,P442,101,0,51,50,116,4
2026-09-06,S04,P101,175,0,97,78,150,3
2026-09-06,S04,P205,40,0,14,26,25,1
2026-09-06,S04,P330,273,0,116,157,216,2
2026-09-06,S04,P442,136,0,75,61,127,3
2026-09-07,S01,P101,205,103,114,194,194,2
2026-09-07,S01,P205,42,0,19,23,38,2
2026-09-07,S01,P330,191,31,107,115,199,3
2026-09-07,S01,P442,134,0,70,64,164,4
2026-09-07,S02,P101,275,0,134,141,263,4
2026-09-07,S02,P205,53,0,25,28,50,1
2026-09-07,S02,P330,343,195,124,414,294,2
2026-09-07,S02,P442,244,0,108,136,216,4
2026-09-07,S03,P101,125,0,76,49,123,2
2026-09-07,S03,P205,24,0,12,12,25,3
2026-09-07,S03,P330,159,0,102,57,180,4
2026-09-07,S03,P442,106,0,64,42,108,2
2026-09-07,S04,P101,213,0,88,125,171,1
2026-09-07,S04,P205,34,0,16,18,27,3
2026-09-07,S04,P330,279,119,112,286,213,3
2026-09-07,S04,P442,118,76,87,107,104,2
2026-09-08,S01,P101,163,0,97,66,157,1
2026-09-08,S01,P205,45,19,20,44,27,4
2026-09-08,S01,P330,235,0,99,136,263,4
2026-09-08,S01,P442,158,94,86,166,150,1
2026-09-08,S02,P101,306,122,183,245,236,4
2026-09-08,S02,P205,41,0,22,19,46,1
2026-09-08,S02,P330,316,136,156,296,295,3
2026-09-08,S02,P442,212,80,127,165,172,1
2026-09-08,S03,P101,181,87,74,194,148,3
2026-09-08,S03,P205,29,1,13,17,21,3
2026-09-08,S03,P330,164,0,69,95,144,1
2026-09-08,S03,P442,138,0,61,77,84,2
2026-09-08,S04,P101,145,0,85,60,132,3
2026-09-08,S04,P205,29,0,14,15,29,2
2026-09-08,S04,P330,183,0,124,59,197,1
2026-09-08,S04,P442,138,87,67,158,146,4
2026-09-09,S01,P101,188,0,124,64,203,3
2026-09-09,S01,P205,36,0,19,17,31,3
2026-09-09,S01,P330,292,142,110,324,181,3
2026-09-09,S01,P442,195,0,87,108,141,4
2026-09-09,S02,P101,336,0,125,211,205,2
2026-09-09,S02,P205,41,0,22,19,49,1
2026-09-09,S02,P330,419,0,150,269,325,3
2026-09-09,S02,P442,240,0,130,110,217,4
2026-09-09,S03,P101,184,86,68,202,147,2
2026-09-09,S03,P205,22,0,12,10,24,2
2026-09-09,S03,P330,133,0,73,60,172,4
2026-09-09,S03,P442,132,0,61,71,118,3
2026-09-09,S04,P101,198,0,84,114,168,4
2026-09-09,S04,P205,43,20,16,47,25,2
2026-09-09,S04,P330,232,0,138,94,235,1
2026-09-09,S04,P442,147,0,72,75,139,2
2026-09-10,S01,P101,231,0,107,124,149,2
2026-09-10,S01,P205,48,0,19,29,39,1
2026-09-10,S01,P330,315,0,140,175,231,2
2026-09-10,S01,P442,131,81,75,137,116,4
2026-09-10,S02,P101,316,0,113,203,252,4
2026-09-10,S02,P205,39,0,22,17,38,3
2026-09-10,S02,P330,360,0,173,187,276,4
2026-09-10,S02,P442,175,0,106,69,185,3
2026-09-10,S03,P101,156,0,67,89,147,4
2026-09-10,S03,P205,34,0,16,18,25,4
2026-09-10,S03,P330,214,0,107,107,178,4
2026-09-10,S03,P442,132,42,45,129,107,1
2026-09-10,S04,P101,186,0,95,91,162,3
2026-09-10,S04,P205,39,0,18,21,32,1
2026-09-10,S04,P330,219,67,96,190,187,3
2026-09-10,S04,P442,109,8,59,58,130,4
2026-09-11,S01,P101,203,0,89,114,178,4
2026-09-11,S01,P205,48,9,18,39,31,4
2026-09-11,S01,P330,293,0,115,178,219,4
2026-09-11,S01,P442,141,86,75,152,124,3
2026-09-11,S02,P101,313,0,139,174,237,1
2026-09-11,S02,P205,58,0,22,36,41,1
2026-09-11,S02,P330,260,0,191,69,290,1
2026-09-11,S02,P442,255,0,105,150,153,2
2026-09-11,S03,P101,110,0,70,40,146,2
2026-09-11,S03,P205,29,10,14,25,26,4
2026-09-11,S03,P330,203,0,92,111,164,2
2026-09-11,S03,P442,138,70,53,155,90,2
2026-09-11,S04,P101,234,22,104,152,142,2
2026-09-11,S04,P205,27,0,16,11,27,2
2026-09-11,S04,P330,269,0,100,169,185,1
2026-09-11,S04,P442,177,33,57,153,139,2
2026-09-12,S01,P101,222,0,102,120,175,1
2026-09-12,S01,P205,27,20,19,28,34,1
2026-09-12,S01,P330,231,0,138,93,250,4
2026-09-12,S01,P442,147,0,83,64,138,3
2026-09-12,S02,P101,239,0,184,55,221,2
2026-09-12,S02,P205,52,0,29,23,52,4
2026-09-12,S02,P330,389,0,184,205,270,2
2026-09-12,S02,P442,218,0,130,88,184,3
2026-09-12,S03,P101,171,0,83,88,118,1
2026-09-12,S03,P205,32,0,15,17,20,1
2026-09-12,S03,P330,183,68,98,153,174,4
2026-09-12,S03,P442,109,0,57,52,103,3
2026-09-12,S04,P101,231,0,90,141,165,2
2026-09-12,S04,P205,32,0,20,12,29,1
2026-09-12,S04,P330,231,46,106,171,175,4
2026-09-12,S04,P442,185,26,87,124,132,3
2026-09-13,S01,P101,235,70,107,198,201,4
2026-09-13,S01,P205,36,0,23,13,31,1
2026-09-13,S01,P330,218,0,143,75,188,4
2026-09-13,S01,P442,170,34,83,121,120,1
2026-09-13,S02,P101,338,5,138,205,259,2
2026-09-13,S02,P205,56,0,22,34,47,4
2026-09-13,S02,P330,291,0,202,89,343,3
2026-09-13,S02,P442,232,0,104,128,166,4
2026-09-13,S03,P101,118,0,76,42,115,2
2026-09-13,S03,P205,25,0,13,12,19,1
2026-09-13,S03,P330,179,0,88,91,148,1
2026-09-13,S03,P442,111,0,66,45,107,1
2026-09-13,S04,P101,169,0,98,71,163,1
2026-09-13,S04,P205,39,0,20,19,31,4
2026-09-13,S04,P330,239,0,142,97,165,3
2026-09-13,S04,P442,105,0,92,13,118,1
2026-09-14,S01,P101,152,0,90,62,182,4
2026-09-14,S01,P205,46,0,17,29,34,1
2026-09-14,S01,P330,180,0,107,73,197,3
2026-09-14,S01,P442,144,73,75,142,123,3
2026-09-14,S02,P101,225,3,121,107,248,2
2026-09-14,S02,P205,67,0,26,41,40,4
2026-09-14,S02,P330,262,0,157,105,258,1
2026-09-14,S02,P442,267,0,112,155,173,4
2026-09-14,S03,P101,169,0,70,99,145,3
2026-09-14,S03,P205,34,0,12,22,22,4
2026-09-14,S03,P330,135,0,84,51,133,3
2026-09-14,S03,P442,82,0,59,23,84,1
2026-09-14,S04,P101,224,66,73,217,155,1
2026-09-14,S04,P205,38,1,17,22,27,2
2026-09-14,S04,P330,277,0,112,165,186,2
2026-09-14,S04,P442,119,0,66,53,146,2
2026-09-15,S01,P101,222,109,84,247,185,1
2026-09-15,S01,P205,40,7,19,28,38,4
2026-09-15,S01,P330,313,95,116,292,210,2
2026-09-15,S01,P442,193,0,77,116,129,2
2026-09-15,S02,P101,221,0,113,108,210,4
2026-09-15,S02,P205,59,0,29,30,42,4
2026-09-15,S02,P330,382,176,156,402,271,1
2026-09-15,S02,P442,244,0,112,132,170,3
2026-09-15,S03,P101,104,0,75,29,130,4
2026-09-15,S03,P205,28,0,11,17,27,4
2026-09-15,S03,P330,165,0,101,64,182,3
2026-09-15,S03,P442,125,3,62,66,104,2
2026-09-15,S04,P101,150,0,91,59,135,4
2026-09-15,S04,P205,27,0,19,8,32,4
2026-09-15,S04,P330,269,116,113,272,181,4
2026-09-15,S04,P442,175,0,66,109,135,3
